{"Model": "MBV2-w0.35-r144", "Optimizer": "Min PeakMEM", "Configuration": "F 1.1", "Fusion Network Memory Usage": 67905, "Fusion Range": [[0, 1], [2, 6], [7, 9], [10, 13], [14, 16], [17, 19], [20, 22], [23, 25], [26, 28], [29, 31], [32, 34], [35, 37], [38, 40], [41, 43], [44, 46], [47, 49], [50, 52]], "Total": 20751538, "Common": 18909490, "Redundant": 1842048, "Redundant Rate": 0.08876682, "Overhead Factor": 1.09741394, "peak_mem_usage": 67996}