{"Model": "MBV2-w0.35-r144", "Optimizer": "Min PeakMEM", "Configuration": "F 1.4", "Fusion Network Memory Usage": 15340, "Fusion Range": [[0, 6], [7, 12], [13, 15], [16, 21], [22, 22], [23, 24], [25, 25], [26, 27], [28, 28], [29, 30], [31, 31], [32, 33], [34, 36], [37, 41], [42, 43], [44, 45], [46, 46], [47, 48], [49, 49], [50, 52]], "Total": 26132080, "Common": 18909490, "Redundant": 7222590, "Redundant Rate": 0.27638787, "Overhead Factor": 1.38195583, "peak_mem_usage": 15199}