{"Model": "MCUNet-320KB-ImageNet-r176", "Optimizer": "Min PeakMEM", "Configuration": "F 1.4", "Fusion Network Memory Usage": 156672, "Fusion Range": [[0, 2], [3, 5], [6, 8], [9, 11], [12, 12], [13, 14], [15, 18], [19, 21], [22, 24], [25, 27], [28, 30], [31, 33], [34, 36], [37, 39], [40, 42], [43, 45], [46, 46], [47, 48], [49, 51], [52, 52], [53, 53]], "Total": 111725744, "Common": 81625520, "Redundant": 30100224, "Redundant Rate": 0.269411712308669, "Overhead Factor": 1.36875996624585, "peak_mem_usage": 156864}