{"Model": "MCUNet-320KB-ImageNet-r176", "Optimizer": "Min MAC", "Configuration": "64 K", "Fusion Network Memory Usage": 62880, "Fusion Range": [[0, 5], [6, 8], [9, 17], [18, 20], [21, 27], [28, 30], [31, 33], [34, 36], [37, 37], [38, 39], [40, 41], [42, 42], [43, 45], [46, 46], [47, 48], [49, 51], [52, 52], [53, 53]], "Total": 164842544, "Common": 81625520, "Redundant": 83217024, "Redundant Rate": 0.504827346027856, "Overhead Factor": 2.01949762770271, "peak_mem_usage": 63456}