{"Model": "MCUNet-320KB-ImageNet-r176", "Optimizer": "Min PeakMEM", "Configuration": "F 1.2", "Fusion Network Memory Usage": 186736, "Fusion Range": [[0, 0], [1, 2], [3, 5], [6, 6], [7, 8], [9, 12], [13, 14], [15, 15], [16, 17], [18, 18], [19, 21], [22, 24], [25, 27], [28, 30], [31, 33], [34, 36], [37, 39], [40, 42], [43, 45], [46, 46], [47, 48], [49, 51], [52, 52], [53, 53]], "Total": 97490864, "Common": 81625520, "Redundant": 15865344, "Redundant Rate": 0.162736725771555, "Overhead Factor": 1.19436744782759, "peak_mem_usage": 217891}