{"Model": "MBV2-w0.35-r144", "Optimizer": "Min MAC", "Configuration": "128 K", "Fusion Network Memory Usage": 83065, "Fusion Range": [[0, 1], [2, 3], [4, 6], [7, 7], [8, 9], [10, 10], [11, 11], [12, 13], [14, 16], [17, 19], [20, 22], [23, 25], [26, 28], [29, 31], [32, 34], [35, 37], [38, 40], [41, 43], [44, 46], [47, 49], [50, 52]], "Total": 19265890, "Common": 18909490, "Redundant": 356400, "Redundant Rate": 0.01849902, "Overhead Factor": 1.01884768, "peak_mem_usage": 83133}