{"Model": "MBV2-w0.35-r144", "Optimizer": "Min MAC", "Configuration": "32 K", "Fusion Network Memory Usage": 25674, "Fusion Range": [[0, 6], [7, 9], [10, 12], [13, 13], [14, 15], [16, 16], [17, 18], [19, 19], [20, 21], [22, 22], [23, 25], [26, 28], [29, 31], [32, 33], [34, 34], [35, 36], [37, 37], [38, 39], [40, 40], [41, 41], [42, 43], [44, 46], [47, 49], [50, 52]], "Total": 23700946, "Common": 18909490, "Redundant": 4791456, "Redundant Rate": 0.20216307, "Overhead Factor": 1.25338896, "peak_mem_usage": 25803}