{"Model": "MBV2-w0.35-r144", "Optimizer": "Min PeakMEM", "Configuration": "F 1.3", "Fusion Network Memory Usage": 21288, "Fusion Range": [[0, 6], [7, 9], [10, 12], [13, 15], [16, 22], [23, 24], [25, 25], [26, 27], [28, 28], [29, 30], [31, 31], [32, 33], [34, 34], [35, 36], [37, 37], [38, 39], [40, 40], [41, 41], [42, 43], [44, 46], [47, 49], [50, 52]], "Total": 24536110, "Common": 18909490, "Redundant": 5626620, "Redundant Rate": 0.22931997, "Overhead Factor": 1.29755535, "peak_mem_usage": 21389}