{"Model": "MBV2-w0.35-r144", "Optimizer": "Min PeakMEM", "Configuration": "F Inf", "Fusion Network Memory Usage": 7887, "Fusion Range": [[0, 12], [13, 15], [16, 21], [22, 24], [25, 27], [28, 30], [31, 33], [34, 36], [37, 39], [40, 42], [43, 45], [46, 48], [49, 52]], "Total": 31758160, "Common": 18909490, "Redundant": 12848670, "Redundant Rate": 0.40457854, "Overhead Factor": 1.67948263, "peak_mem_usage": 8560}