{"Model": "MBV2-w0.35-r144", "Optimizer": "Min MAC", "Configuration": "64 K", "Fusion Network Memory Usage": 63741, "Fusion Range": [[0, 1], [2, 12], [13, 13], [14, 16], [17, 19], [20, 22], [23, 25], [26, 28], [29, 31], [32, 34], [35, 37], [38, 40], [41, 43], [44, 46], [47, 49], [50, 52]], "Total": 23249938, "Common": 18909490, "Redundant": 4340448, "Redundant Rate": 0.18668643, "Overhead Factor": 1.22953808, "peak_mem_usage": 63603}