{"Model": "MCUNet-320KB-ImageNet-r176", "Optimizer": "Min PeakMEM", "Configuration": "F 1.5", "Fusion Network Memory Usage": 94184, "Fusion Range": [[0, 2], [3, 5], [6, 8], [9, 11], [12, 14], [15, 18], [19, 20], [21, 21], [22, 23], [24, 24], [25, 27], [28, 30], [31, 33], [34, 36], [37, 39], [40, 42], [43, 45], [46, 46], [47, 48], [49, 51], [52, 52], [53, 53]], "Total": 118754480, "Common": 81625520, "Redundant": 37128960, "Redundant Rate": 0.312653131065034, "Overhead Factor": 1.45486950649748, "peak_mem_usage": 94224}