{"Model": "MBV2-w0.35-r144", "Optimizer": "Min PeakMEM", "Configuration": "F 1.6", "Fusion Network Memory Usage": 13926, "Fusion Range": [[0, 12], [13, 15], [16, 21], [22, 22], [23, 24], [25, 25], [26, 27], [28, 28], [29, 30], [31, 33], [34, 36], [37, 42], [43, 43], [44, 45], [46, 46], [47, 48], [49, 49], [50, 52]], "Total": 29560000, "Common": 18909490, "Redundant": 10650510, "Redundant Rate": 0.36030142, "Overhead Factor": 1.56323624, "peak_mem_usage": 14132}