{"Model": "MCUNet-320KB-ImageNet-r176", "Optimizer": "Min PeakMEM", "Configuration": "F Inf", "Fusion Network Memory Usage": 42643, "Fusion Range": [[0, 17], [18, 20], [21, 26], [27, 30], [31, 32], [33, 33], [34, 35], [36, 38], [39, 39], [40, 41], [42, 42], [43, 44], [45, 45], [46, 46], [47, 48], [49, 51], [52, 52], [53, 53]], "Total": 219971376, "Common": 81625520, "Redundant": 138345856, "Redundant Rate": 0.628926629071957, "Overhead Factor": 2.69488483503689, "peak_mem_usage": 51164}