{"Model": "MCUNet-320KB-ImageNet-r176", "Optimizer": "Min PeakMEM", "Configuration": "F 1.3", "Fusion Network Memory Usage": 186032, "Fusion Range": [[0, 0], [1, 2], [3, 5], [6, 8], [9, 12], [13, 14], [15, 15], [16, 17], [18, 18], [19, 21], [22, 24], [25, 27], [28, 30], [31, 33], [34, 36], [37, 39], [40, 42], [43, 45], [46, 46], [47, 48], [49, 51], [52, 52], [53, 53]], "Total": 102109104, "Common": 81625520, "Redundant": 20483584, "Redundant Rate": 0.200604874566327, "Overhead Factor": 1.25094583164677, "peak_mem_usage": 217891}